<?xml version="1.0" encoding="utf-8" ?>
<dwsync>
<file name="jquery.cycle.all.js" server="www.meecreative.com" local="130338699000000000" remote="130338699000000000" />
<file name="jquery.infinitescroll.js" server="www.meecreative.com" local="130338699000000000" remote="130338699000000000" />
<file name="jquery.js" server="www.meecreative.com" local="130338699000000000" remote="130338699000000000" />
<file name="jquery.maximage.js" server="www.meecreative.com" local="130338699000000000" remote="130338699000000000" />
<file name="jquery.slicknav.js" server="www.meecreative.com" local="130338699000000000" remote="130338699000000000" />
<file name="scripts.js" server="www.meecreative.com" local="130338699000000000" remote="130338699000000000" />
<file name="jquery.cycle.all.js" server="dessign.net//httpdocs/" local="130338699000000000" remote="130339567200000000" />
<file name="jquery.infinitescroll.js" server="dessign.net//httpdocs/" local="130338699000000000" remote="130339567200000000" />
<file name="jquery.js" server="dessign.net//httpdocs/" local="130338699000000000" remote="130339567200000000" />
<file name="jquery.maximage.js" server="dessign.net//httpdocs/" local="130338699000000000" remote="130339567200000000" />
<file name="jquery.slicknav.js" server="dessign.net//httpdocs/" local="130338699000000000" remote="130339567200000000" />
<file name="scripts.js" server="dessign.net//httpdocs/" local="130339958400000000" remote="130341338400000000" />
<file name="scripts.js" server="dessign.net/httpdocs/" local="130470627804343914" remote="130470628800000000" />
</dwsync>