<?xml version="1.0" encoding="utf-8" ?>
<dwsync>
<file name="ajax-loader.gif" server="www.meecreative.com" local="130338699000000000" remote="130338699000000000" />
<file name="arrow_left.png" server="www.meecreative.com" local="130338699000000000" remote="130338699000000000" />
<file name="arrow_right.png" server="www.meecreative.com" local="130338699000000000" remote="130338699000000000" />
<file name="facebook-icon.png" server="www.meecreative.com" local="130338699000000000" remote="130338699000000000" />
<file name="google-plus-icon.png" server="www.meecreative.com" local="130338699000000000" remote="130338699000000000" />
<file name="loading-button.png" server="www.meecreative.com" local="130338699000000000" remote="130338699000000000" />
<file name="logo.png" server="www.meecreative.com" local="130338699000000000" remote="130338699000000000" />
<file name="pattern.jpg" server="www.meecreative.com" local="130338699000000000" remote="130338699000000000" />
<file name="picasa-icon.png" server="www.meecreative.com" local="130338699000000000" remote="130338699000000000" />
<file name="pinterest-icon.png" server="www.meecreative.com" local="130338699000000000" remote="130338699000000000" />
<file name="post_next.png" server="www.meecreative.com" local="130338699000000000" remote="130338699000000000" />
<file name="post_prev.png" server="www.meecreative.com" local="130338699000000000" remote="130338699000000000" />
<file name="search-icon.png" server="www.meecreative.com" local="130338699000000000" remote="130338699000000000" />
<file name="twitter-icon.png" server="www.meecreative.com" local="130338699000000000" remote="130338699000000000" />
<file name="vimeo-icon.png" server="www.meecreative.com" local="130338699000000000" remote="130338699000000000" />
<file name="youtube-icon.png" server="www.meecreative.com" local="130338699000000000" remote="130338699000000000" />
<file name="ajax-loader.gif" server="dessign.net//httpdocs/" local="130338699000000000" remote="130339577400000000" />
<file name="arrow_left.png" server="dessign.net//httpdocs/" local="130338699000000000" remote="130339577400000000" />
<file name="arrow_right.png" server="dessign.net//httpdocs/" local="130338699000000000" remote="130339577400000000" />
<file name="facebook-icon.png" server="dessign.net//httpdocs/" local="130339679582426257" remote="130339577400000000" />
<file name="google-plus-icon.png" server="dessign.net//httpdocs/" local="130339679348742891" remote="130339577400000000" />
<file name="loading-button.png" server="dessign.net//httpdocs/" local="130338699000000000" remote="130339577400000000" />
<file name="logo.png" server="dessign.net//httpdocs/" local="130339685478053468" remote="130339577400000000" />
<file name="pattern.jpg" server="dessign.net//httpdocs/" local="130338699000000000" remote="130339577400000000" />
<file name="picasa-icon.png" server="dessign.net//httpdocs/" local="130339678947749956" remote="130339577400000000" />
<file name="pinterest-icon.png" server="dessign.net//httpdocs/" local="130339679686772225" remote="130339577400000000" />
<file name="post_next.png" server="dessign.net//httpdocs/" local="130338699000000000" remote="130339577400000000" />
<file name="post_prev.png" server="dessign.net//httpdocs/" local="130338699000000000" remote="130339577400000000" />
<file name="search-icon.png" server="dessign.net//httpdocs/" local="130338699000000000" remote="130339577400000000" />
<file name="twitter-icon.png" server="dessign.net//httpdocs/" local="130339679463919479" remote="130339577400000000" />
<file name="vimeo-icon.png" server="dessign.net//httpdocs/" local="130339679218795459" remote="130339577400000000" />
<file name="youtube-icon.png" server="dessign.net//httpdocs/" local="130339679098498578" remote="130339577400000000" />
</dwsync>